dist,rng,nit,time_s
normal_distribution<double>,minstd_rand0,1052641,0.740026
normal_distribution<double>,minstd_rand0,1422438,0.841438
normal_distribution<double>,minstd_rand0,1690483,0.999931
normal_distribution<double>,minstd_rand0,1690599,0.998104
normal_distribution<double>,minstd_rand0,1693810,1.00683
normal_distribution<double>,minstd_rand0,1682318,1.00387
normal_distribution<double>,minstd_rand0,1675827,0.994434
normal_distribution<double>,minstd_rand0,1685206,1.00082
normal_distribution<double>,minstd_rand0,1683830,0.994645
normal_distribution<double>,minstd_rand0,1692895,1.00303
normal_distribution<double>,minstd_rand0,1687776,0.997084
normal_distribution<double>,minstd_rand0,1692711,0.9989
normal_distribution<double>,minstd_rand0,1694575,1.00179
normal_distribution<double>,minstd_rand0,1691548,1.00028
normal_distribution<double>,minstd_rand0,1691082,0.99949
normal_distribution<double>,minstd_rand0,1691944,1.00335
normal_distribution<double>,minstd_rand0,1686294,0.998502
normal_distribution<double>,minstd_rand0,1688823,1.00029
normal_distribution<double>,minstd_rand0,1688333,0.997603
normal_distribution<double>,minstd_rand0,1692389,1.00012
normal_distribution<double>,minstd_rand,1377425,0.899981
normal_distribution<double>,minstd_rand,1530504,0.912817
normal_distribution<double>,minstd_rand,1676682,0.994402
normal_distribution<double>,minstd_rand,1686120,1.00258
normal_distribution<double>,minstd_rand,1681787,0.999699
normal_distribution<double>,minstd_rand,1682293,1.00343
normal_distribution<double>,minstd_rand,1676548,0.997231
normal_distribution<double>,minstd_rand,1681202,1.00437
normal_distribution<double>,minstd_rand,1673890,0.992426
normal_distribution<double>,minstd_rand,1686664,1.00234
normal_distribution<double>,minstd_rand,1682719,0.998153
normal_distribution<double>,minstd_rand,1685832,1.00047
normal_distribution<double>,minstd_rand,1685036,1.00173
normal_distribution<double>,minstd_rand,1682130,0.999307
normal_distribution<double>,minstd_rand,1683296,1.00105
normal_distribution<double>,minstd_rand,1681535,1.00073
normal_distribution<double>,minstd_rand,1680313,1.00177
normal_distribution<double>,minstd_rand,1677352,0.996314
normal_distribution<double>,minstd_rand,1683557,0.998503
normal_distribution<double>,minstd_rand,1686080,1.00713
normal_distribution<double>,mt19937,1434732,1.05513
normal_distribution<double>,mt19937,1359773,0.848564
normal_distribution<double>,mt19937,1602440,0.998579
normal_distribution<double>,mt19937,1604719,0.99976
normal_distribution<double>,mt19937,1605103,1.00012
normal_distribution<double>,mt19937,1604916,1.00099
normal_distribution<double>,mt19937,1603328,1.00147
normal_distribution<double>,mt19937,1600974,1.00097
normal_distribution<double>,mt19937,1599415,0.995964
normal_distribution<double>,mt19937,1605895,1.00106
normal_distribution<double>,mt19937,1604197,0.999831
normal_distribution<double>,mt19937,1604467,0.999836
normal_distribution<double>,mt19937,1604729,1.00105
normal_distribution<double>,mt19937,1603038,1.00351
normal_distribution<double>,mt19937,1597435,0.998137
normal_distribution<double>,mt19937,1600415,0.996323
normal_distribution<double>,mt19937,1606320,1.00096
normal_distribution<double>,mt19937,1604781,1.00364
normal_distribution<double>,mt19937,1598964,0.995147
normal_distribution<double>,mt19937,1606762,1.00033
normal_distribution<double>,mt19937_64,1200491,0.807194
normal_distribution<double>,mt19937_64,1487239,0.901162
normal_distribution<double>,mt19937_64,1650356,1.00108
normal_distribution<double>,mt19937_64,1648576,0.999495
normal_distribution<double>,mt19937_64,1649409,0.998124
normal_distribution<double>,mt19937_64,1652509,1.00376
normal_distribution<double>,mt19937_64,1646311,1.00211
normal_distribution<double>,mt19937_64,1642837,0.998784
normal_distribution<double>,mt19937_64,1644837,0.998994
normal_distribution<double>,mt19937_64,1646494,0.999144
normal_distribution<double>,mt19937_64,1647905,1.00335
normal_distribution<double>,mt19937_64,1642400,0.99567
normal_distribution<double>,mt19937_64,1649543,0.998663
normal_distribution<double>,mt19937_64,1651752,1.00103
normal_distribution<double>,mt19937_64,1650056,1.00014
normal_distribution<double>,mt19937_64,1649822,0.998645
normal_distribution<double>,mt19937_64,1652061,1.00085
normal_distribution<double>,mt19937_64,1650660,1.00023
normal_distribution<double>,mt19937_64,1650284,1.00403
normal_distribution<double>,mt19937_64,1643654,0.996042
normal_distribution<double>,ranlux24_base,1548001,0.92474
normal_distribution<double>,ranlux24_base,1673984,0.912355
normal_distribution<double>,ranlux24_base,1834795,1.00147
normal_distribution<double>,ranlux24_base,1832093,1.0006
normal_distribution<double>,ranlux24_base,1831000,0.996814
normal_distribution<double>,ranlux24_base,1836852,1.00218
normal_distribution<double>,ranlux24_base,1832860,0.998794
normal_distribution<double>,ranlux24_base,1835073,1.00192
normal_distribution<double>,ranlux24_base,1831555,0.998749
normal_distribution<double>,ranlux24_base,1833849,0.997333
normal_distribution<double>,ranlux24_base,1838753,1.00251
normal_distribution<double>,ranlux24_base,1834142,0.997861
normal_distribution<double>,ranlux24_base,1838073,1.00062
normal_distribution<double>,ranlux24_base,1836925,0.999454
normal_distribution<double>,ranlux24_base,1837928,1.0014
normal_distribution<double>,ranlux24_base,1835364,1.00043
normal_distribution<double>,ranlux24_base,1834568,0.999286
normal_distribution<double>,ranlux24_base,1835879,0.999538
normal_distribution<double>,ranlux24_base,1836727,1.00312
normal_distribution<double>,ranlux24_base,1831018,0.996719
normal_distribution<double>,ranlux48_base,1109887,0.968638
normal_distribution<double>,ranlux48_base,1145822,0.916641
normal_distribution<double>,ranlux48_base,1250023,0.998623
normal_distribution<double>,ranlux48_base,1251746,0.997464
normal_distribution<double>,ranlux48_base,1254928,0.998631
normal_distribution<double>,ranlux48_base,1256648,1.00452
normal_distribution<double>,ranlux48_base,1250991,0.996687
normal_distribution<double>,ranlux48_base,1255149,0.999561
normal_distribution<double>,ranlux48_base,1255700,1.00017
normal_distribution<double>,ranlux48_base,1255484,1.0026
normal_distribution<double>,ranlux48_base,1252229,1.00227
normal_distribution<double>,ranlux48_base,1249396,0.996134
normal_distribution<double>,ranlux48_base,1254244,0.998578
normal_distribution<double>,ranlux48_base,1256030,1.00291
normal_distribution<double>,ranlux48_base,1252380,0.997681
normal_distribution<double>,ranlux48_base,1255290,1.00214
normal_distribution<double>,ranlux48_base,1252609,1.00502
normal_distribution<double>,ranlux48_base,1246346,0.993721
normal_distribution<double>,ranlux48_base,1254221,1.00011
normal_distribution<double>,ranlux48_base,1254088,1.00188
normal_distribution<double>,ranlux24,158029,0.342532
normal_distribution<double>,ranlux24,461355,0.782326
normal_distribution<double>,ranlux24,589722,0.99824
normal_distribution<double>,ranlux24,590761,1.00012
normal_distribution<double>,ranlux24,590691,0.999869
normal_distribution<double>,ranlux24,590768,0.99847
normal_distribution<double>,ranlux24,591673,1.00565
normal_distribution<double>,ranlux24,588351,0.99597
normal_distribution<double>,ranlux24,590731,1.002
normal_distribution<double>,ranlux24,589553,0.99753
normal_distribution<double>,ranlux24,591012,1.00372
normal_distribution<double>,ranlux24,588822,1.00111
normal_distribution<double>,ranlux24,588169,0.996807
normal_distribution<double>,ranlux24,590052,0.999939
normal_distribution<double>,ranlux24,590087,0.999664
normal_distribution<double>,ranlux24,590285,0.999319
normal_distribution<double>,ranlux24,590687,1.00004
normal_distribution<double>,ranlux24,590666,1.0008
normal_distribution<double>,ranlux24,590193,1.00461
normal_distribution<double>,ranlux24,587486,0.996861
normal_distribution<double>,ranlux48,32736,0.264772
normal_distribution<double>,ranlux48,123638,0.704596
normal_distribution<double>,ranlux48,175473,1.30485
normal_distribution<double>,ranlux48,134477,0.764515
normal_distribution<double>,ranlux48,175898,1.00042
normal_distribution<double>,ranlux48,175823,0.997672
normal_distribution<double>,ranlux48,176233,1.00289
normal_distribution<double>,ranlux48,175725,0.994453
normal_distribution<double>,ranlux48,176705,1.00828
normal_distribution<double>,ranlux48,175254,0.999509
normal_distribution<double>,ranlux48,175340,1.00139
normal_distribution<double>,ranlux48,175096,0.993357
normal_distribution<double>,ranlux48,176266,1.00274
normal_distribution<double>,ranlux48,175784,1.89358
normal_distribution<double>,ranlux48,92831,0.733493
normal_distribution<double>,ranlux48,126560,0.718208
normal_distribution<double>,ranlux48,176216,0.998594
normal_distribution<double>,ranlux48,176464,1.0018
normal_distribution<double>,ranlux48,176147,0.999175
normal_distribution<double>,ranlux48,176292,1.00391
normal_distribution<double>,knuth_b,100372,0.163511
normal_distribution<double>,knuth_b,613856,0.548467
normal_distribution<double>,knuth_b,1119220,0.880119
normal_distribution<double>,knuth_b,1271668,1.00677
normal_distribution<double>,knuth_b,1263120,0.995711
normal_distribution<double>,knuth_b,1268560,1.00313
normal_distribution<double>,knuth_b,1264603,0.999972
normal_distribution<double>,knuth_b,1264637,0.997822
normal_distribution<double>,knuth_b,1267396,0.99831
normal_distribution<double>,knuth_b,1269540,1.00091
normal_distribution<double>,knuth_b,1268386,0.999066
normal_distribution<double>,knuth_b,1269571,0.998448
normal_distribution<double>,knuth_b,1271543,1.00038
normal_distribution<double>,knuth_b,1271061,1.00375
normal_distribution<double>,knuth_b,1266310,0.997863
normal_distribution<double>,knuth_b,1269021,0.998368
normal_distribution<double>,knuth_b,1271094,1.00119
normal_distribution<double>,knuth_b,1269585,1.00467
normal_distribution<double>,knuth_b,1263681,0.997517
normal_distribution<double>,knuth_b,1266827,0.997993
uniform_real_distribution<double>,minstd_rand0,3236266,0.919245
uniform_real_distribution<double>,minstd_rand0,3520568,0.914632
uniform_real_distribution<double>,minstd_rand0,3849162,0.996698
uniform_real_distribution<double>,minstd_rand0,3861915,1.00174
uniform_real_distribution<double>,minstd_rand0,3855208,0.99737
uniform_real_distribution<double>,minstd_rand0,3865375,1.00481
uniform_real_distribution<double>,minstd_rand0,3846861,0.995929
uniform_real_distribution<double>,minstd_rand0,3862587,0.999158
uniform_real_distribution<double>,minstd_rand0,3865843,0.999862
uniform_real_distribution<double>,minstd_rand0,3866378,1.00358
uniform_real_distribution<double>,minstd_rand0,3852602,1.00062
uniform_real_distribution<double>,minstd_rand0,3850201,0.996054
uniform_real_distribution<double>,minstd_rand0,3865455,1.00152
uniform_real_distribution<double>,minstd_rand0,3859586,1.00288
uniform_real_distribution<double>,minstd_rand0,3848496,1.0016
uniform_real_distribution<double>,minstd_rand0,3842345,0.993413
uniform_real_distribution<double>,minstd_rand0,3867823,1.00475
uniform_real_distribution<double>,minstd_rand0,3849535,0.998398
uniform_real_distribution<double>,minstd_rand0,3855713,1.00089
uniform_real_distribution<double>,minstd_rand0,3852289,1.00162
uniform_real_distribution<double>,minstd_rand,4132265,1.09408
uniform_real_distribution<double>,minstd_rand,3776935,0.929327
uniform_real_distribution<double>,minstd_rand,4064160,0.996982
uniform_real_distribution<double>,minstd_rand,4076463,1.0004
uniform_real_distribution<double>,minstd_rand,4074850,1.0039
uniform_real_distribution<double>,minstd_rand,4059005,0.999888
uniform_real_distribution<double>,minstd_rand,4059460,0.996979
uniform_real_distribution<double>,minstd_rand,4071761,0.999728
uniform_real_distribution<double>,minstd_rand,4072869,0.999561
uniform_real_distribution<double>,minstd_rand,4074658,1.00219
uniform_real_distribution<double>,minstd_rand,4065742,1.00563
uniform_real_distribution<double>,minstd_rand,4042965,0.992753
uniform_real_distribution<double>,minstd_rand,4072479,1.00148
uniform_real_distribution<double>,minstd_rand,4066449,1.00294
uniform_real_distribution<double>,minstd_rand,4054529,0.997861
uniform_real_distribution<double>,minstd_rand,4063221,0.997635
uniform_real_distribution<double>,minstd_rand,4072854,0.999865
uniform_real_distribution<double>,minstd_rand,4073404,1.00099
uniform_real_distribution<double>,minstd_rand,4069368,0.999179
uniform_real_distribution<double>,minstd_rand,4072712,1.00004
uniform_real_distribution<double>,mt19937,3115284,0.910512
uniform_real_distribution<double>,mt19937,3421465,0.910528
uniform_real_distribution<double>,mt19937,3757673,0.998664
uniform_real_distribution<double>,mt19937,3762700,0.998858
uniform_real_distribution<double>,mt19937,3767002,1.00376
uniform_real_distribution<double>,mt19937,3752906,1.00019
uniform_real_distribution<double>,mt19937,3752193,1.001
uniform_real_distribution<double>,mt19937,3748456,0.997632
uniform_real_distribution<double>,mt19937,3757353,1.00288
uniform_real_distribution<double>,mt19937,3746567,0.999861
uniform_real_distribution<double>,mt19937,3747088,0.995416
uniform_real_distribution<double>,mt19937,3764344,0.999415
uniform_real_distribution<double>,mt19937,3766547,0.999922
uniform_real_distribution<double>,mt19937,3766841,1.00151
uniform_real_distribution<double>,mt19937,3761154,1.00183
uniform_real_distribution<double>,mt19937,3754299,0.99893
uniform_real_distribution<double>,mt19937,3758320,0.998252
uniform_real_distribution<double>,mt19937,3764901,1.0014
uniform_real_distribution<double>,mt19937,3759641,0.997413
uniform_real_distribution<double>,mt19937,3769392,1.00158
uniform_real_distribution<double>,mt19937_64,8000064,0.976887
uniform_real_distribution<double>,mt19937_64,8189343,0.840784
uniform_real_distribution<double>,mt19937_64,9740124,0.998721
uniform_real_distribution<double>,mt19937_64,9752597,0.999636
uniform_real_distribution<double>,mt19937_64,9756148,0.999643
uniform_real_distribution<double>,mt19937_64,9759632,1.00601
uniform_real_distribution<double>,mt19937_64,9701317,1.00105
uniform_real_distribution<double>,mt19937_64,9691160,0.995285
uniform_real_distribution<double>,mt19937_64,9737069,0.997631
uniform_real_distribution<double>,mt19937_64,9760190,1.00205
uniform_real_distribution<double>,mt19937_64,9740212,0.997664
uniform_real_distribution<double>,mt19937_64,9763018,1.00027
uniform_real_distribution<double>,mt19937_64,9760382,0.999553
uniform_real_distribution<double>,mt19937_64,9764746,1.00188
uniform_real_distribution<double>,mt19937_64,9746402,0.998283
uniform_real_distribution<double>,mt19937_64,9763164,1.00238
uniform_real_distribution<double>,mt19937_64,9740021,0.998714
uniform_real_distribution<double>,mt19937_64,9752562,1.00227
uniform_real_distribution<double>,mt19937_64,9730463,0.997548
uniform_real_distribution<double>,mt19937_64,9754379,0.999127
uniform_real_distribution<double>,ranlux24_base,6711454,0.795621
uniform_real_distribution<double>,ranlux24_base,8435494,0.896523
uniform_real_distribution<double>,ranlux24_base,9409122,0.994993
uniform_real_distribution<double>,ranlux24_base,9456469,0.999948
uniform_real_distribution<double>,ranlux24_base,9456959,1.00026
uniform_real_distribution<double>,ranlux24_base,9454471,1.00121
uniform_real_distribution<double>,ranlux24_base,9443081,1.0035
uniform_real_distribution<double>,ranlux24_base,9410125,0.995534
uniform_real_distribution<double>,ranlux24_base,9452337,0.999418
uniform_real_distribution<double>,ranlux24_base,9457840,1.00087
uniform_real_distribution<double>,ranlux24_base,9449655,1.00398
uniform_real_distribution<double>,ranlux24_base,9412165,1.00034
uniform_real_distribution<double>,ranlux24_base,9408964,0.998618
uniform_real_distribution<double>,ranlux24_base,9421983,0.999735
uniform_real_distribution<double>,ranlux24_base,9424478,0.998121
uniform_real_distribution<double>,ranlux24_base,9442218,1.00127
uniform_real_distribution<double>,ranlux24_base,9430277,1.00401
uniform_real_distribution<double>,ranlux24_base,9392592,0.996955
uniform_real_distribution<double>,ranlux24_base,9421277,0.997676
uniform_real_distribution<double>,ranlux24_base,9443220,1.00066
uniform_real_distribution<double>,ranlux48_base,7936570,1.17624
uniform_real_distribution<double>,ranlux48_base,6747425,0.860299
uniform_real_distribution<double>,ranlux48_base,7843113,0.999689
uniform_real_distribution<double>,ranlux48_base,7845551,1.00052
uniform_real_distribution<double>,ranlux48_base,7841495,0.998101
uniform_real_distribution<double>,ranlux48_base,7856412,1.00102
uniform_real_distribution<double>,ranlux48_base,7848428,1.00401
uniform_real_distribution<double>,ranlux48_base,7817103,0.997803
uniform_real_distribution<double>,ranlux48_base,7834312,0.996888
uniform_real_distribution<double>,ranlux48_base,7858766,1.00282
uniform_real_distribution<double>,ranlux48_base,7836633,0.997412
uniform_real_distribution<double>,ranlux48_base,7856964,1.00056
uniform_real_distribution<double>,ranlux48_base,7852548,0.999928
uniform_real_distribution<double>,ranlux48_base,7853111,1.00464
uniform_real_distribution<double>,ranlux48_base,7816854,0.997675
uniform_real_distribution<double>,ranlux48_base,7835067,0.998239
uniform_real_distribution<double>,ranlux48_base,7848886,1.00095
uniform_real_distribution<double>,ranlux48_base,7841434,0.999612
uniform_real_distribution<double>,ranlux48_base,7844475,0.998307
uniform_real_distribution<double>,ranlux48_base,7857775,0.999815
uniform_real_distribution<double>,ranlux24,817667,0.987301
uniform_real_distribution<double>,ranlux24,828183,0.91321
uniform_real_distribution<double>,ranlux24,906892,0.998176
uniform_real_distribution<double>,ranlux24,908548,0.999522
uniform_real_distribution<double>,ranlux24,908982,1.00048
uniform_real_distribution<double>,ranlux24,908548,1.00314
uniform_real_distribution<double>,ranlux24,905701,1.00012
uniform_real_distribution<double>,ranlux24,905588,1.00094
uniform_real_distribution<double>,ranlux24,904739,0.999809
uniform_real_distribution<double>,ranlux24,904911,0.996951
uniform_real_distribution<double>,ranlux24,907678,1.00181
uniform_real_distribution<double>,ranlux24,906040,0.996836
uniform_real_distribution<double>,ranlux24,908915,1.00082
uniform_real_distribution<double>,ranlux24,908174,1.00053
uniform_real_distribution<double>,ranlux24,907695,0.99933
uniform_real_distribution<double>,ranlux24,908303,0.999477
uniform_real_distribution<double>,ranlux24,908777,1.00385
uniform_real_distribution<double>,ranlux24,905290,1.00011
uniform_real_distribution<double>,ranlux24,905186,0.996679
uniform_real_distribution<double>,ranlux24,908201,0.999488
uniform_real_distribution<double>,ranlux48,85867,0.518472
uniform_real_distribution<double>,ranlux48,165615,0.697471
uniform_real_distribution<double>,ranlux48,237450,1.00617
uniform_real_distribution<double>,ranlux48,235992,0.99555
uniform_real_distribution<double>,ranlux48,237046,0.999431
uniform_real_distribution<double>,ranlux48,237180,0.997503
uniform_real_distribution<double>,ranlux48,237773,1.00111
uniform_real_distribution<double>,ranlux48,237509,1.00206
uniform_real_distribution<double>,ranlux48,237021,0.998938
uniform_real_distribution<double>,ranlux48,237273,0.997544
uniform_real_distribution<double>,ranlux48,237857,1.0019
uniform_real_distribution<double>,ranlux48,237406,0.998264
uniform_real_distribution<double>,ranlux48,237818,1.00358
uniform_real_distribution<double>,ranlux48,236969,0.996237
uniform_real_distribution<double>,ranlux48,237864,1.00166
uniform_real_distribution<double>,ranlux48,237470,1.00017
uniform_real_distribution<double>,ranlux48,237429,0.998597
uniform_real_distribution<double>,ranlux48,237762,1.00038
uniform_real_distribution<double>,ranlux48,237672,1.00331
uniform_real_distribution<double>,ranlux48,236887,0.995911
uniform_real_distribution<double>,knuth_b,2331024,1.08125
uniform_real_distribution<double>,knuth_b,2155866,0.854251
uniform_real_distribution<double>,knuth_b,2523692,1.0009
uniform_real_distribution<double>,knuth_b,2521416,0.995496
uniform_real_distribution<double>,knuth_b,2532824,0.999989
uniform_real_distribution<double>,knuth_b,2532852,0.999517
uniform_real_distribution<double>,knuth_b,2534076,1.00524
uniform_real_distribution<double>,knuth_b,2520877,0.994895
uniform_real_distribution<double>,knuth_b,2533812,1.00052
uniform_real_distribution<double>,knuth_b,2532506,1.00221
uniform_real_distribution<double>,knuth_b,2526932,0.998551
uniform_real_distribution<double>,knuth_b,2530599,1.00022
uniform_real_distribution<double>,knuth_b,2530043,0.999583
uniform_real_distribution<double>,knuth_b,2531099,1.00105
uniform_real_distribution<double>,knuth_b,2528442,0.99952
uniform_real_distribution<double>,knuth_b,2529657,1.00024
uniform_real_distribution<double>,knuth_b,2529058,1.00245
uniform_real_distribution<double>,knuth_b,2522865,0.995997
uniform_real_distribution<double>,knuth_b,2533005,1.00151
uniform_real_distribution<double>,knuth_b,2529191,1.00091
