buffer_size_bytes,runtime_s
1024,0.0004730989994641277
1036,8.983700081444113e-05
1049,4.345999968791148e-05
1063,4.112599981453968e-05
1076,4.9293999836663716e-05
1089,3.995999941253103e-05
1103,3.820899928541621e-05
1117,5.687700013368158e-05
1131,3.733399989869213e-05
1145,3.354299951752182e-05
1160,3.5291999665787444e-05
1174,3.4126000173273496e-05
1189,3.325099987705471e-05
1204,3.441799981374061e-05
1219,3.3833999623311684e-05
1234,3.791800008912105e-05
1250,3.3835000067483634e-05
1266,3.4126000173273496e-05
1282,3.471000036370242e-05
1298,3.325100078654941e-05
1314,0.00010208700041403063
1331,3.441699936956866e-05
1347,3.325099987705471e-05
1364,3.441799981374061e-05
1381,3.3542000892339274e-05
1399,3.441799981374061e-05
1416,5.425199924502522e-05
1434,3.441699936956866e-05
1452,3.4126000173273496e-05
1470,3.3834000532806385e-05
1489,3.354300042701652e-05
1508,3.325099987705471e-05
1527,3.354199998284457e-05
1546,3.5293000109959394e-05
1565,3.4126000173273496e-05
1585,3.325099987705471e-05
1605,3.354299951752182e-05
1625,3.3835000067483634e-05
1645,3.441799981374061e-05
1666,3.4125999263778795e-05
1687,3.354300042701652e-05
1708,3.354199998284457e-05
1730,3.4126000173273496e-05
1751,3.3833999623311684e-05
1774,3.441800072323531e-05
1796,3.325099987705471e-05
1818,3.354299951752182e-05
1841,3.383499915798893e-05
1864,5.541900009120582e-05
1888,3.471000036370242e-05
1912,3.3835000067483634e-05
1936,3.354300042701652e-05
1960,4.4627000534092076e-05
1985,0.00010733699946285924
2009,3.471000036370242e-05
2035,3.5293000109959394e-05
2060,3.441799981374061e-05
2086,3.471000036370242e-05
2112,3.354300042701652e-05
2139,3.441799981374061e-05
2166,3.3835000067483634e-05
2193,3.441800072323531e-05
2221,3.4126000173273496e-05
2249,3.354299951752182e-05
2277,3.616699996200623e-05
2305,3.4126000173273496e-05
2334,3.441799981374061e-05
2364,3.470899991953047e-05
2394,3.3833999623311684e-05
2424,3.470899991953047e-05
2454,3.441799981374061e-05
2485,3.441700027906336e-05
2516,3.441800072323531e-05
2548,3.5293000109959394e-05
2580,3.441799981374061e-05
2612,3.441799981374061e-05
2645,3.470899991953047e-05
2678,5.5126000006566755e-05
2712,4.666800032282481e-05
2746,3.529299920046469e-05
2781,3.441799981374061e-05
2816,3.500100046949228e-05
2851,3.471000036370242e-05
2887,3.500099955999758e-05
2923,3.470899991953047e-05
2960,3.4126000173273496e-05
2997,3.500100046949228e-05
3035,3.441800072323531e-05
3073,3.470900082902517e-05
3111,3.500100046949228e-05
3151,3.500200000416953e-05
3190,3.6751000152435154e-05
3230,3.500099955999758e-05
3271,3.5293000109959394e-05
3312,3.470999945420772e-05
3354,3.5584000215749256e-05
3396,3.5291999665787444e-05
3438,3.5293000109959394e-05
3482,3.587599985621637e-05
3525,3.5584999750426505e-05
3570,3.500200000416953e-05
3615,3.5293000109959394e-05
3660,3.500200000416953e-05
3706,4.7544000153720845e-05
3753,3.67519996871124e-05
3800,4.695999996329192e-05
3848,3.587599985621637e-05
3896,3.5583999306254555e-05
3945,3.587700030038832e-05
3994,3.646000004664529e-05
4045,3.616799949668348e-05
4096,9.479400068812538e-05
4147,0.0008511120004186523
4199,8.225300007325131e-05
4252,4.112599981453968e-05
4305,3.7042999792902265e-05
4359,3.587599985621637e-05
4414,3.616800040617818e-05
4470,3.587600076571107e-05
4526,3.616799949668348e-05
4583,3.587599985621637e-05
4640,3.646000004664529e-05
4699,3.587599985621637e-05
4758,3.616800040617818e-05
4818,3.6751000152435154e-05
4878,3.7043000702396967e-05
4939,3.6751000152435154e-05
5001,4.200100011075847e-05
5064,3.6751000152435154e-05
5128,3.646000004664529e-05
5192,3.675099924294045e-05
5258,3.733399989869213e-05
5324,3.7042999792902265e-05
5391,3.733399989869213e-05
5458,3.646000004664529e-05
5527,3.762699998333119e-05
5597,3.733399989869213e-05
5667,3.879300038533984e-05
5738,3.762699998333119e-05
5810,3.733399989869213e-05
5883,3.733399989869213e-05
5957,3.733500034286408e-05
6032,3.733399989869213e-05
6108,3.8500999835378025e-05
6185,3.791800008912105e-05
6262,3.762699998333119e-05
6341,3.762600044865394e-05
6421,3.820999972958816e-05
6501,3.791800008912105e-05
6583,3.791800008912105e-05
6666,3.762600044865394e-05
6750,3.908500002580695e-05
6835,3.7042999792902265e-05
6920,0.00012892099948658142
7007,3.966799977206392e-05
7096,3.8209000194910914e-05
7185,3.908500002580695e-05
7275,3.8502000279549975e-05
7366,3.8209000194910914e-05
7459,3.820899928541621e-05
7553,3.820999972958816e-05
7648,3.8209000194910914e-05
7744,3.791800008912105e-05
7841,3.9958999877853785e-05
7940,3.937600013159681e-05
8039,3.937600013159681e-05
8141,3.9960000322025735e-05
8243,3.9083999581635e-05
8346,3.8501000744872727e-05
8451,3.937599922210211e-05
8558,3.879300038533984e-05
8665,4.0251999962492846e-05
8774,3.966799977206392e-05
8884,4.054300006828271e-05
8996,3.9960000322025735e-05
9109,4.345999968791148e-05
9223,3.966799977206392e-05
9339,4.02510004278156e-05
9457,4.02510004278156e-05
9576,4.112599981453968e-05
9696,4.083500061824452e-05
9818,4.141799945500679e-05
9941,3.995999941253103e-05
10066,4.02510004278156e-05
10193,4.1126000724034384e-05
10321,4.083499970874982e-05
10450,4.1126000724034384e-05
10582,4.229300066072028e-05
10715,4.1708999560796656e-05
10849,4.112699934921693e-05
10986,4.200100011075847e-05
11124,4.1710000004968606e-05
11264,4.1710000004968606e-05
11405,4.112599981453968e-05
11549,4.1710000004968606e-05
11694,4.200200055493042e-05
11841,4.229400019539753e-05
11990,4.287599949748255e-05
12140,4.346000059740618e-05
12293,4.1710000004968606e-05
12447,4.258500030118739e-05
12604,4.258500030118739e-05
12762,4.404300034366315e-05
12923,9.65449999057455e-05
13085,4.666799941333011e-05
13249,4.666800032282481e-05
13416,4.52089998361771e-05
13585,4.3168000047444366e-05
13755,4.229300066072028e-05
13928,4.346000059740618e-05
14103,4.375099979370134e-05
14280,4.3168000047444366e-05
14460,4.345899924373953e-05
14642,4.521000028034905e-05
14826,4.550199992081616e-05
15012,4.491799973038724e-05
15201,4.520999937085435e-05
15392,4.4626000089920126e-05
15585,4.404300034366315e-05
15781,4.433499998413026e-05
15979,4.579300002660602e-05
16180,4.550099947664421e-05
16384,4.579300002660602e-05
16589,4.550099947664421e-05
16798,4.666799941333011e-05
17009,4.579300002660602e-05
17223,4.491799973038724e-05
17439,4.579300002660602e-05
17658,4.6084999667073134e-05
17880,4.6085000576567836e-05
18105,4.52090007456718e-05
18333,4.550099947664421e-05
18563,4.579300002660602e-05
18796,4.695999996329192e-05
19033,4.695999996329192e-05
19272,4.637700021703495e-05
19514,4.666800032282481e-05
19759,4.783500025951071e-05
20007,4.637700021703495e-05
20259,4.783399981533876e-05
20514,0.00014146400008030469
20771,4.841800000576768e-05
21032,4.7542999709548894e-05
21297,4.812600036530057e-05
21564,4.841900044993963e-05
21835,0.0001367960003335611
22110,5.745999987993855e-05
22388,5.133499962539645e-05
22669,4.958499994245358e-05
22954,4.9000999752024654e-05
23242,4.987699958292069e-05
23535,5.075100034446223e-05
23830,4.9292999392491765e-05
24130,5.104299998492934e-05
24433,5.541900009120582e-05
24740,5.162599973118631e-05
25051,5.25010000274051e-05
25366,5.921100000705337e-05
25685,5.279400011204416e-05
26007,5.4835000810271595e-05
26334,5.162699926586356e-05
26665,5.250200047157705e-05
27000,5.104299998492934e-05
27340,5.191799937165342e-05
27683,5.1918000281148124e-05
28031,5.250200047157705e-05
28384,0.00011404500037315302
28740,5.425200015451992e-05
29101,5.3959999604558107e-05
29467,5.3667999964090995e-05
29838,5.5417999647033866e-05
30213,5.483600034494884e-05
30592,5.600199983746279e-05
30977,7.962800009408966e-05
31366,5.6876999224186875e-05
31760,5.687700013368158e-05
32159,5.600199983746279e-05
32564,5.600199983746279e-05
32973,5.8042999626195524e-05
33387,5.775200042990036e-05
33807,6.300200038822368e-05
34232,5.9793999753310345e-05
34662,5.8043000535690226e-05
35097,5.8335999710834585e-05
35539,5.74610003241105e-05
35985,5.9502000112843234e-05
36437,5.97930002186331e-05
36895,6.066900004952913e-05
37359,9.421199956705095e-05
37829,6.475199916167185e-05
38304,6.183599998621503e-05
38785,6.300200038822368e-05
39273,8.371100011572707e-05
39766,7.116899996617576e-05
40266,6.533600026159547e-05
40772,6.504399971163366e-05
41285,6.562700036738534e-05
41803,7.000200002948986e-05
42329,7.671099956496619e-05
42861,8.604499998909887e-05
43399,6.70850004098611e-05
43945,6.504400062112836e-05
44497,0.0001359210000373423
45056,7.437800013576634e-05
45623,6.941900028323289e-05
46196,7.029399966995697e-05
46777,7.146099960664287e-05
47364,0.00017704800029605394
47960,7.846100015740376e-05
48562,7.437699969159439e-05
49173,7.204400026239455e-05
49791,7.437699969159439e-05
50416,7.496099988202332e-05
51050,7.671100047446089e-05
51692,7.846100015740376e-05
52341,7.641899992449908e-05
52999,7.554500007245224e-05
53665,0.00018288100000063423
54340,9.187800060317386e-05
55023,8.516900015820283e-05
55714,8.341900047525996e-05
56414,8.31279994599754e-05
57123,8.429399986198405e-05
57841,8.54620002428419e-05
58568,8.69189998411457e-05
59304,8.983600037026918e-05
60049,9.333700018032687e-05
60804,9.479399977863068e-05
61568,0.00012717099980363855
62342,0.00020475700057431823
63125,0.000252591000389657
63919,0.00014204699982656166
64722,0.00017588100035936804
65536,0.00014700500014441786
66359,0.00011404500037315302
67193,0.00011375399935786845
68038,0.00011142099992866861
68893,0.00011462899965408724
69758,0.00011871199967572466
70635,0.00012017100016237237
71523,0.0001297959997828002
72422,0.00013008799942326732
73332,0.0003925969995179912
74253,0.00017792200014810078
75187,0.00014146299963613274
76132,0.00017150599978776881
77088,0.0002558010000939248
78057,0.00018521499987400603
79038,0.00016071299978648312
80031,0.00017267200018977746
81037,0.0001793809997252538
82056,0.0003021770007762825
83087,0.0003806369995800196
84131,0.00020329900053184247
85188,0.00020096599928365322
86259,0.0002041729994743946
87343,0.00020417399991856655
88441,0.00021321599979273742
89552,0.00043022299996664515
90678,0.0002905100000134553
91817,0.00028526000005513197
92971,0.0002520080006434
94140,0.0002470500003255438
95323,0.00026105100005224813
96521,0.0002633840003909427
97734,0.00027242599935561884
98962,0.0002683430002434761
100206,0.0004448059999049292
101465,0.0004865159999098978
102740,0.000331053000081738
104031,0.0003083020001213299
105339,0.00031180200039671035
106663,0.0005722700007027015
108003,0.0003578870000637835
109360,0.0004042629998366465
110735,0.0003812220002146205
112127,0.0003453449999142322
113536,0.0005267679998723906
114963,0.000369553999917116
116407,0.00037334599983296357
117870,0.0003785959997912869
119352,0.00047222499961208086
120852,0.0004468480001378339
122370,0.00040017999981500907
123908,0.0003998890006187139
125466,0.0004045550003866083
127042,0.0006944820006538066
128639,0.0004990580000594491
130256,0.000437806000263663
131893,0.0004223469995849882
133550,0.00043139000081282575
135228,0.00046230699990701396
136928,0.0004722240000774036
138649,0.00048535000041738385
140391,0.0005868529997314909
142156,0.00048272399999405025
143942,0.00045676500030822353
145751,0.0004462650003915769
147583,0.00044247300047572935
149438,0.0004278900005374453
151316,0.0003713040005095536
153217,0.00036722100048791617
155143,0.0003666380007416592
157093,0.0003704290002133348
159067,0.00043868199918506434
161066,0.0004588069996316335
163090,0.00040222200004791375
165140,0.0003896790003636852
167215,0.0005396020005719038
169317,0.0004109719993721228
171445,0.00039551299960294273
173599,0.0004453900000953581
175781,0.0004894329995295266
177990,0.0005783950000477489
180227,0.0004168049999861978
182492,0.000553311000658141
184785,0.00043868200009455904
187108,0.0005655609993482358
189459,0.0005468930003189598
191840,0.0005667280001944164
194251,0.00045093199969414854
196692,0.0005950200002189376
199164,0.00046726500022487016
201667,0.0005302679992382764
204202,0.00048418300048069796
206768,0.0006011450004734797
209367,0.00047893300052237464
211998,0.0004713499993158621
214662,0.000516850999702001
217360,0.0006959399997867877
220092,0.000514809000378591
222858,0.0004981840002074023
225658,0.0004932249994453741
228494,0.0007113989995559677
231366,0.0006171869999889168
234274,0.0005334759998731897
237218,0.0005288089996611234
240199,0.0005314340005497797
243218,0.000569353000173578
246274,0.0006002710006214329
249369,0.0006816479999542935
252503,0.0005632279999190359
255677,0.0005571020001298166
258890,0.0007251080005516997
262144,0.0007356080004683463
265438,0.0005888949999643955
268774,0.0005746019996877294
272152,0.0006416890000764397
275572,0.0006556890002684668
279035,0.0006008539994581952
282542,0.0007388170006379369
286093,0.0006093130004956038
289688,0.0006746479994035326
293329,0.0007650679999642307
297015,0.000693897999553883
300748,0.0007070239998938632
304528,0.0008169860002453788
308355,0.0006731889998263796
312230,0.0006594809992748196
316154,0.0007143160000850912
320127,0.0007166489995142911
324150,0.0006787310003346647
328224,0.0006971070006329683
332349,0.0007606919998579542
336526,0.0008957380005085724
340755,0.0007326909999392228
345038,0.0007192740004029474
349374,0.0007959860004120856
353765,0.0007475669999621459
358211,0.0007411500000671367
362712,0.0009429900001123315
367271,0.0009298650002165232
371886,0.0008015260000320268
376560,0.0008204850000765873
381293,0.0009873250000964617
386084,0.000816693999695417
390936,0.000814652000372007
395850,0.0009018640002977918
400824,0.0008388619999095681
405862,0.000986449999800243
410962,0.0009231559997715522
416127,0.0008756119996178313
421357,0.0008808630000203266
426652,0.0010611190000417992
432014,0.0009085720002985909
437443,0.0010573270001259516
442941,0.0009636989998398349
448508,0.001062284999534313
454144,0.0009989919999497943
459852,0.001116538000133005
465631,0.000963407999734045
471483,0.0011293719999230234
477408,0.0010153249995710212
483408,0.0010926199993264163
489483,0.0010582019995126757
495635,0.0011433720001150505
501864,0.0012197909991300548
508171,0.0011101210002379958
514557,0.0010704529995564371
521024,0.0012370000004011672
527572,0.0011984989996562945
534202,0.002610503999676439
540915,0.0012011239996354561
547713,0.001330044000496855
554597,0.0011343300002408796
561567,0.001215124000736978
568624,0.001332670000010694
575770,0.0012530430003607762
583006,0.0012212490000820253
590333,0.0013402530003077118
597752,0.0012267909996808157
605264,0.0013842970001860522
612871,0.0012670429996433086
620573,0.001316335999945295
628372,0.0014038389999768697
636269,0.0013399619992924272
644266,0.0013294620002852753
652362,0.0014846329995634733
660561,0.001476758000535483
668863,0.0014055890005693072
677268,0.0014379650001501432
685780,0.0015356760004578973
694399,0.001416672999766888
703125,0.0014359230008267332
711962,0.0014131719999568304
720909,0.0015747609995742096
729969,0.0014560490008079796
739143,0.001515259000370861
748432,0.0015674699998271535
757838,0.0016468049998366041
767362,0.0016678060001140693
777006,0.00154705200020544
786771,0.0016004290000637411
796659,0.0016403890003857668
806671,0.0017322660005447688
816809,0.0017488920002506347
827074,0.0017413080004189396
837468,0.0016888069994820398
847993,0.0017232250002052751
858650,0.001723516000311065
869441,0.001746267000271473
880368,0.0018116029996235739
891432,0.0018970629998875665
902635,0.0019043559996134718
913979,0.001924481000060041
925465,0.0019924419993913034
937096,0.0020297769997341675
948873,0.0020201509996695677
960798,0.0020426099999895087
972872,0.0020417350006027846
985099,0.002084904000184906
997479,0.0020892780003123335
1010015,0.00215578099960112
1022708,0.002249991999633494
1035561,0.002164532000278996
1048576,0.002173864999349462
1061753,0.0021067799998490955
1075097,0.0021852399995623273
1088608,0.002186114999858546
1102289,0.0021540309999181773
1116142,0.002292868000040471
1130169,0.0023217450006995932
1144373,0.0023436199999196106
1158755,0.0023754140001983615
1173317,0.002353538000534172
1188063,0.0024002059999475023
1202994,0.0024909170006139902
1218112,0.0024915009998949245
1233421,0.002410705999864149
1248922,0.0024363729999095085
1264618,0.0025591690000510425
1280511,0.0025848369996310794
1296603,0.0025349600000481587
1312898,0.002725424999880488
1329398,0.0026901320006800233
1346105,0.0026192550003543147
1363022,0.003040436000446789
1380152,0.0011704980006470578
1397497,0.0011541639996721642
1415060,0.0011821640000562184
1432844,0.0012620839997907751
1450851,0.0012171660000603879
1469085,0.001232040999639139
1487547,0.001309043999754067
1506242,0.0012641260000236798
1525172,0.0012647089997699368
1544339,0.0012900849997095065
1563747,0.0013872130002710037
1583400,0.001385755000228528
1603299,0.0013364619999265415
1623448,0.0013463779996527592
1643851,0.0013700040008188807
1664510,0.0014426320003622095
1685429,0.0014680080003017792
1706610,0.001409088999935193
1728058,0.0014192979997460498
1749775,0.001442340999346925
1771766,0.0014656749999630847
1794032,0.0015482190001421259
1816579,0.001561928000228363
1839408,0.0015730109998912667
1862525,0.0016147209998962353
1885932,0.001539175999823783
1909634,0.001569511000525381
1933633,0.0015660109993405058
1957934,0.0015972210003383225
1982540,0.0016249300006165868
2007456,0.001631930000257853
2032684,0.0016433050004707184
2058230,0.0016809310000098776
2084096,0.0016981400003714953
2110288,0.0017188490000989987
2136809,0.0017287669998040656
2163663,0.00174685000001773
2190855,0.0017809760001910035
2218389,0.0017970189992411179
2246268,0.0018223950000901823
2274498,0.0019101890002275468
2303083,0.0019294399999125744
2332027,0.0019527739996192395
2361334,0.001970858000277076
2391010,0.0019297320004625362
2421059,0.0019486910005070968
2451486,0.0019644410003820667
2482295,0.002055153000583232
2513491,0.0020991960000174004
2545079,0.002138863000254787
2577064,0.0020545689994833083
2609451,0.0020811109998248867
2642245,0.0021759069995823666
2675452,0.002218200000243087
2709075,0.0021514049994948437
2743122,0.0022523260004163603
2777596,0.0022750759999325965
2812503,0.0022368669997376855
2847849,0.0023503290003645816
2883639,0.0023582050007462385
2919879,0.0023205779998534126
2956575,0.002407206000498263
2993731,0.0023646210001970758
3031355,0.0024652490001244587
3069451,0.002509875999749056
3108026,0.0024602909998066025
3147086,0.0025562520004314138
3186637,0.0025151270001515513
3226685,0.0026061299995490117
3267236,0.0025615029999244143
3308297,0.0027006329992218525
3349874,0.0027055910004492034
3391974,0.002670881000085501
3434602,0.0027604259994404856
3477766,0.0027239669998380123
3521473,0.0028385959994920995
3565729,0.0028703889993266785
3610541,0.002819927999553329
3655916,0.002933390000180225
3701862,0.002957890999823576
3748385,0.0029961010004626587
3795492,0.0029543909995481954
3843192,0.0030929380000088713
3891491,0.0031139379998421646
3940397,0.003142521999507153
3989918,0.0031842319995121215
4040061,0.0032139830000232905
4090835,0.003188024000337464
4142246,0.003211358000044129
4194304,0.0033577800004422897
4247015,0.0033851969992610975
4300389,0.0034449909999239026
4354434,0.0034382820003884262
4409158,0.0034904930007542134
4464570,0.0034624919999259873
4520679,0.0035686620003616554
4577492,0.003610370999922452
4635020,0.003648873000202002
4693270,0.0037057500003356836
4752252,0.003763501000321412
4811976,0.00378596100017603
4872450,0.00384254599975975
4933685,0.003890672999659728
4995689,0.003934131999812962
5058472,0.003961842000535398
5122044,0.004009385000244947
5186415,0.0040618869998070295
5251595,0.0041135130004477105
5317594,0.004167181999946479
5384423,0.004203641000458447
5452091,0.004264018999492691
5520610,0.004312727999604249
5589990,0.0043783559995063115
5660242,0.004412481000144908
5731377,0.004466149999643676
5803406,0.004526235000412271
5876340,0.00457348700001603
5950190,0.0046828660006212885
6024969,0.004696283000157564
6100688,0.004749951000121655
6177358,0.004823162000320735
6254991,0.004864581000219914
6333601,0.0049614170002314495
6413198,0.0050238349995197495
6493795,0.005096753999168868
6575406,0.005160632000297483
6658042,0.005201758000112022
6741717,0.005267386000014085
6826443,0.005337388000043575
6912234,0.005364513999666087
6999103,0.005414098999608541
7087064,0.005482059999849298
7176130,0.00560048000079405
7266316,0.0056156470000132686
7357635,0.005699358000128996
7450102,0.005795320000288484
7543731,0.005826238000736339
7638536,0.005955741999969177
7734533,0.005956617000265396
7831737,0.006093705000239424
7930162,0.0061158720000094036
8029824,0.006220000999746844
8130738,0.006303711999862571
8232921,0.006330545999844617
8336387,0.006418049000785686
8441155,0.00656067899944901
8547238,0.006616972000301757
8654655,0.006710309000482084
8763422,0.006784103000427422
8873556,0.006871898000099463
8985074,0.00692702400010603
9097994,0.007034653000118851
9212333,0.007057404000079259
9328108,0.0072475770002711215
9445339,0.007267119000061939
9564043,0.007382623000012245
9684238,0.00747012600004382
9805944,0.0075660879992938135
9929180,0.007590587999402487
10053965,0.007734677000371448
10180317,0.007821596000212594
10308258,0.007935349999570462
10437807,0.008039770000323188
10568983,0.008110355999633612
10701809,0.008209233999878052
10836303,0.008368781000172021
10972488,0.008450450000054843
11110384,0.008558953999454388
11250013,0.008691084000020055
11391397,0.008713834999980463
11534558,0.00883633900048153
11679518,0.00894659200002934
11826300,0.009085431000130484
11974926,0.009154848999969545
12125421,0.009297478999542363
12277806,0.009378273999573139
12432107,0.009543070999825431
12588347,0.00962386500032153
12746551,0.009736160000102245
12906742,0.009945584999513812
13068947,0.010015003000262368
13233191,0.01014538200070092
13399498,0.010249510999528866
13567896,0.01039709899941954
13738410,0.010504436999326572
13911066,0.010589896999590565
14085893,0.010769862000415742
14262917,0.010913658999925246
14442165,0.010985118999997212
14623667,0.011200959000234434
14807449,0.011301004999950237
14993541,0.011397550000765477
15181971,0.011569639000299503
15372770,0.011721310999746493
15565967,0.011903901000550832
15761591,0.01200481999967451
15959674,0.012162326000179746
16160247,0.012312539000049583
16363340,0.012501836999945226
16568986,0.012609757000063837
16777216,0.012774845999956597
16988062,0.013009936999878846
17201559,0.013079064000521612
17417739,0.013239778000752267
17636635,0.013399326000580913
17858283,0.013573747999544139
18082716,0.01373037800021848
18309970,0.013891966999835859
18540080,0.014119766000476375
18773081,0.014275522000389174
19009011,0.0145053630003531
19247906,0.014607449000322958
19489803,0.01481599799990363
19734740,0.015005003999249311
19982756,0.015179134999925736
20233888,0.015358517000095162
20488177,0.015549564000139071
20745661,0.015792822000548767
21006381,0.015940409999529948
21270378,0.016140793000886333
21537692,0.01634992399976909
21808366,0.01652726399970561
22082442,0.016790356000456086
22359962,0.016994529999465158
22640969,0.01719520300048316
22925509,0.017361750000418397
23213624,0.017570881999745325
23505360,0.01790893499946833
23800763,0.01801452200015774
24099878,0.018295406999641273
24402752,0.01846166199993604
24709432,0.01868216900038533
25019967,0.018947887000649644
25334404,0.01918676900004357
25652793,0.019435569000052055
25975183,0.019671244000164734
26301625,0.019906627000636945
26632170,0.020171469999695546
26966868,0.020456145000025572
27305773,0.02066031899994414
27648937,0.0209388699995543
27996414,0.021188252999309043
28348258,0.02141897000001336
28704523,0.021679145000234712
29065266,0.02194982000037271
29430542,0.022238289000597433
29800409,0.022501379999994242
30174924,0.022852850999697694
30554146,0.023119151000173588
30938134,0.02338690999931714
31326948,0.02366458699998475
31720648,0.02399447199968563
32119296,0.024284106999402866
32522953,0.02455711600032373
32931684,0.02484850099972391
33345551,0.0251801370004614
33764620,0.025483479999820702
34188955,0.025792948999878718
34618623,0.02617008699962753
35053691,0.026442512999892642
35494227,0.02683919299943227
35940299,0.02714253700014524
36391977,0.02748204799991072
36849332,0.02782476799984579
37312434,0.028154362000350375
37781356,0.028512541000054625
38256172,0.028856135000751237
38736954,0.029258648999530124
39223779,0.02959174300031009
39716722,0.030029548999664257
40215860,0.030357685000126367
40721271,0.03073132400004397
41233034,0.03110904400000436
41751228,0.03150893299971358
42275935,0.03189452900005563
42807236,0.03235158600000432
43345213,0.03267826299997978
43889952,0.03315515400026925
44441537,0.03352937500039843
45000054,0.033968931999879715
45565590,0.03441578000001755
46138234,0.03477074999955221
46718074,0.035253183000349964
47305201,0.03567144600037864
47899707,0.03607162700063782
48501684,0.03655901799993444
49111227,0.0370064500002627
49728430,0.0374655490004443
50353390,0.037974816000314604
50986204,0.03842137300034665
51626971,0.038882513000316976
52275790,0.03936348800016276
52932764,0.03984271099943726
53597994,0.04040477199941961
54271584,0.040876703999856545
54953640,0.04140959699998348
55644267,0.04190632199970423
56343574,0.04245642399928329
57051669,0.043014693000259285
57768663,0.043529502000637876
58494668,0.04404285200052982
59229797,0.04457428699970478
59974165,0.04512876300032076
60727887,0.045704531999945175
61491082,0.046263674999863724
62263869,0.04684586199982732
63046367,0.047485507999226684
63838699,0.04805690200009849
64640989,0.048632670999722905
65453362,0.04925598499994521
66275944,0.049858880000101635
67108864,0.050519526999778464
67952251,0.051142547000381455
68806238,0.05249038400052086
69670957,0.05238888000076258
70546543,0.05311457200059522
71433134,0.0537410919996546
72330866,0.05442128100003174
73239881,0.05512684699988313
74160320,0.0557303250006953
75092326,0.056513477000407875
76036046,0.05723362500066287
76991625,0.057941523999943456
77959214,0.05863979800051311
78938963,0.05938211400007276
79931024,0.06011684700024489
80935554,0.06086937100008072
81952708,0.06167410699981701
82982644,0.06243071599965333
84025525,0.06321824200040282
85081512,0.06396522500017454
86150770,0.06478746100037824
87233466,0.06559744599962869
88329768,0.066430474000299
89439848,0.06728275199930067
90563879,0.0681166550002672
91702037,0.0689826420002646
92854498,0.06982237900047039
94021442,0.07067349000044487
95203053,0.07159489500008931
96399513,0.07245271600004344
97611009,0.07342254000013781
98837731,0.07430077800017898
100079869,0.07527789300002041
101337618,0.07619608999993943
102611174,0.07714695499998925
103900735,0.07813632200031861
105206503,0.07905772699996305
106528681,0.08009405299981154
107867475,0.0810790449995693
109223095,0.0821579550001843
110595751,0.08314557100038655
111985658,0.08416731400029676
113393032,0.08526139199966565
114818094,0.08632017800027825
116261065,0.08743204599977616
117722170,0.0884925820000717
119201638,0.0896420789995318
120699699,0.0906935720004185
122216587,0.09187982000003103
123752538,0.09305527499964228
125307793,0.09423423099997308
126882593,0.09532947600018815
128477184,0.09661926900025719
130091815,0.09781922500042128
131726737,0.09902880699974048
133382207,0.10034397600065859
135058482,0.10159410100004607
136755823,0.10289585200007423
138474495,0.10413431000051787
140214767,0.10546522900040145
141976910,0.10676989700004924
143761198,0.10814631699940946
145567910,0.10943435999979556
147397328,0.11086211499969068
149249737,0.11220470199987176
151125426,0.11362020599972311
153024688,0.11511621400040895
154947818,0.1164821350002967
156895118,0.1179597680002189
158866890,0.11936827099998482
160863442,0.12088177999976324
162885086,0.12250087599932158
164932137,0.12399775699941529
167004914,0.12549347399999533
169103740,0.12715457000012975
171228944,0.12874799799919856
173380855,0.1302830909999102
175559811,0.13197073000083037
177766151,0.13365078600054403
180000219,0.13535563300047215
182262363,0.13700302100005501
184552937,0.1387361619999865
186872297,0.14044625800033828
189220806,0.1423447800007125
191598830,0.14401812699998118
194006739,0.14588543699937873
196444910,0.1477101649998076
198913722,0.14950397499978862
201413561,0.1514068699998461
203944817,0.15338705999965896
206507884,0.15525991300000896
209103162,0.1571878930008097
211731056,0.1592156270007763
214391976,0.16124423500059493
217086337,0.16327488499973697
219814560,0.16532245200050966
222577069,0.16736710199984373
225374296,0.16948350599977857
228206677,0.17165620100058732
231074654,0.1738169400005063
233978674,0.17602813600024092
236919190,0.1782066660007331
239896661,0.1804196140001295
242911551,0.182729105999897
245964330,0.1849828879994675
249055476,0.18734313099957944
252185469,0.18964445800065732
255354798,0.192076743999678
258563957,0.19448686600026122
261813448,0.19691886199962028
265103776,0.19942786100000376
268435456,0.20203369600039878
